﻿Designator,Footprint,Quantity,Value,LCSC Part #
"C1, C2, C4",0603,3,100nf,
"C10, C11, C12, C3, C5",0603,5,10uF,
C6,0603,1,1uF,
C7,0603,1,10nF,
C8,0603,1,3.3nF,
C9,0603,1,0.1uF,
"D2, D3, D4, D5",0603,4,LED,
D6,D_SOD-323_HandSoldering,1,MBR230S1F,
D7,SOD3716X135N,1,MBR0520LT1G,
F1,FUSE_3568,1,Fuse,
"J1, J2",PinHeader_1x05_P2.54mm_Vertical,2,Conn_01x05,
J3,PinHeader_1x03_P2.54mm_Vertical,1,Conn_01x03,
J4,PeripheralSOM,1,53307-2471,
J5,MX150_02x02_Vertical,1,MX150_02x02_Vertical,
L1,L_Coilcraft_MSS1246-XXX,1,100uH,
LOGO1,LHRs_LOGO,1,LHRS,
LOGO2,roosters,1,Rooster,
"R1, R3, R4",0603,3,1.5k,
R2,0603,1,4.2k,
"R7, R8",0603,2,10k,
R9,0603,1,16k,
"TP_3.1, TP_3.2, TP_3.3, TP_3.4, TP_5V1, TP_GND1",TestPoint_Pad_1.0x1.0mm,6,TestPoint,
U1,LGA-14L_2P5X3X0P83_STM,1,ASM330LHHTR,
U2,XIAO-ESP32S3-DIP,1,XIAO-ESP32-S3-SMD,
U3,SOT-353_SC-70-5,1,TLV9001IDCK,
U4,TPS5405DR,1,TPS5405DR,
